	score	word
0	2.7730202578268877	portrait
1	2.05343137254902	social
2	2.06	john
3	0.6822580645161289	worst
4	3.2557591218305504	solid
5	1.4217948717948716	alreadi
6	1.9514767932489454	hous
7	2.0746208017334777	issu
